{"version": {"json_export": "202", "page_segmentation": "5", "schema": "1.1.0", "structure": "1.1085.0", "table_structure": "5"}, "extended_metadata": {"ID_instance": "01 F2 8F 4C C4 B9 B2 11 0A 00 67 45 8B 6B C6 23 ", "ID_permanent": "38 33 20 30 31 20 38 42 20 34 43 20 43 34 20 42 39 20 42 32 20 31 31 20 30 41 20 30 30 20 36 37 20 34 35 20 38 42 20 36 42 20 43 36 20 32 33 20 ", "has_acroform": false, "has_embedded_files": false, "is_XFA": false, "is_certified": false, "is_encrypted": false, "is_digitally_signed": false, "language": "en", "page_count": 1, "pdf_version": "1.6", "pdfa_compliance_level": "", "pdfua_compliance_level": ""}, "elements": [{"Bounds": [31.67999267578125, 567.0350036621094, 106.15013122558594, 585.2350006103516], "Font": {"alt_family_name": "* Arial", "embedded": true, "encoding": "Identity-H", "family_name": "* Arial", "font_type": "CIDFontType0", "italic": false, "monospaced": false, "name": "*Arial-2388", "subset": false, "weight": 400}, "HasClip": false, "Lang": "en", "ObjectID": 50, "Page": 0, "Path": "//Document/Sect/P", "Text": "V2102 ", "TextSize": 25.0, "attributes": {"LineHeight": 30, "SpaceAfter": 18}}, {"Bounds": [211.30740356445312, 562.50830078125, 316.56748962402344, 580.7082977294922], "Font": {"alt_family_name": "* Arial", "embedded": true, "encoding": "Identity-H", "family_name": "* Arial", "font_type": "CIDFontType0", "italic": false, "monospaced": false, "name": "*Arial-2388", "subset": false, "weight": 400}, "HasClip": false, "Lang": "en", "ObjectID": 51, "Page": 0, "Path": "//Document/Sect/P[2]", "Text": "CN29984 ", "TextSize": 25.0, "attributes": {"LineHeight": 30, "SpaceAfter": 18}}, {"Bounds": [31.67999267578125, 534.1026000976562, 102.60003662109375, 543.1026000976562], "Font": {"alt_family_name": "* Arial", "embedded": true, "encoding": "Identity-H", "family_name": "* Arial", "font_type": "CIDFontType0", "italic": false, "monospaced": false, "name": "*Arial-Bold-2389", "subset": false, "weight": 700}, "HasClip": false, "Lang": "en", "ObjectID": 52, "Page": 0, "Path": "//Document/Sect/Title", "Text": "ROUTE: SH ", "TextSize": 12.0, "attributes": {"LineHeight": 14.375, "SpaceAfter": 18}}, {"Bounds": [210.47999572753906, 533.0749969482422, 341.291748046875, 552.0200042724609], "Font": {"alt_family_name": "* Times New Roman", "embedded": true, "encoding": "Identity-H", "family_name": "* Times New Roman", "font_type": "CIDFontType0", "italic": false, "monospaced": false, "name": "*Times New Roman-Bold-2380", "subset": false, "weight": 700}, "HasClip": false, "Lang": "en", "ObjectID": 53, "Page": 0, "Path": "//Document/Sect/P[3]", "Text": "11111111111111111 IIIII IIIII IIIII IIIII IIII IIII ", "TextSize": 10.0, "attributes": {"SpaceAfter": 18}}, {"Bounds": [31.67999267578125, 512.75, 126.47216796875, 520.6809997558594], "Font": {"alt_family_name": "* Arial", "embedded": true, "encoding": "Identity-H", "family_name": "* Arial", "font_type": "CIDFontType0", "italic": false, "monospaced": false, "name": "*Arial-Bold-2387", "subset": false, "weight": 700}, "HasClip": false, "Lang": "en", "ObjectID": 54, "Page": 0, "Path": "//Document/Sect[2]/H1", "Text": "Dr. Beatriz Garcia ", "TextSize": 11.0}, {"Bounds": [31.199996948242188, 497.9573974609375, 177.23753356933594, 506.64239501953125], "Font": {"alt_family_name": "* Arial", "embedded": true, "encoding": "Identity-H", "family_name": "* Arial", "font_type": "CIDFontType0", "italic": false, "monospaced": false, "name": "*Arial-2386", "subset": false, "weight": 400}, "HasClip": false, "ObjectID": 55, "Page": 0, "Path": "//Document/Sect[2]/P/Sub", "Text": "Estudio Dental Otero Loperena LLC ", "TextSize": 9.0, "attributes": {"Placement": "Block"}}, {"Bounds": [30.975006103515625, 488.0393981933594, 135.6901397705078, 496.7243957519531], "Font": {"alt_family_name": "* Arial", "embedded": true, "encoding": "Identity-H", "family_name": "* Arial", "font_type": "CIDFontType0", "italic": false, "monospaced": false, "name": "*Arial-2386", "subset": false, "weight": 400}, "HasClip": false, "ObjectID": 56, "Page": 0, "Path": "//Document/Sect[2]/P/Sub[2]", "Text": "36 Carr Num 2, Suite 302 ", "TextSize": 9.0, "attributes": {"Placement": "Block"}}, {"Bounds": [30.73199462890625, 477.9593963623047, 114.71089172363281, 486.64439392089844], "Font": {"alt_family_name": "* Arial", "embedded": true, "encoding": "Identity-H", "family_name": "* Arial", "font_type": "CIDFontType0", "italic": false, "monospaced": false, "name": "*Arial-2386", "subset": false, "weight": 400}, "HasClip": false, "ObjectID": 57, "Page": 0, "Path": "//Document/Sect[2]/P/Sub[3]", "Text": "Vega Alta PR 00692 ", "TextSize": 9.0, "attributes": {"Placement": "Block"}}, {"Bounds": [30.975006103515625, 465.60240173339844, 53.46113586425781, 474.2873992919922], "Font": {"alt_family_name": "* Arial", "embedded": true, "encoding": "Identity-H", "family_name": "* Arial", "font_type": "CIDFontType0", "italic": false, "monospaced": false, "name": "*Arial-2386", "subset": false, "weight": 400}, "HasClip": false, "ObjectID": 58, "Page": 0, "Path": "//Document/Sect[2]/P/Sub[4]", "Text": "SEX: ", "TextSize": 9.0, "attributes": {"Placement": "Block"}}, {"Bounds": [30.975006103515625, 452.54339599609375, 128.76649475097656, 461.2283935546875], "Font": {"alt_family_name": "* Arial", "embedded": true, "encoding": "Identity-H", "family_name": "* Arial", "font_type": "CIDFontType0", "italic": false, "monospaced": false, "name": "*Arial-2386", "subset": false, "weight": 400}, "HasClip": false, "ObjectID": 59, "Page": 0, "Path": "//Document/Sect[2]/P/Sub[5]", "Text": "PHONE: 787-883-6234 ", "TextSize": 9.0, "attributes": {"Placement": "Block"}}, {"Bounds": [30.975006103515625, 438.56640625, 172.00479125976562, 447.25140380859375], "Font": {"alt_family_name": "* Arial", "embedded": true, "encoding": "Identity-H", "family_name": "* Arial", "font_type": "CIDFontType0", "italic": false, "monospaced": false, "name": "*Arial-2386", "subset": false, "weight": 400}, "HasClip": false, "ObjectID": 60, "Page": 0, "Path": "//Document/Sect[2]/P[2]/Sub", "Text": "PATIENT: Samuel Roman Ramos ", "TextSize": 9.0, "attributes": {"Placement": "Block"}}, {"Bounds": [30.975006103515625, 425.12939453125, 92.23977661132812, 433.8144073486328], "Font": {"alt_family_name": "* Arial", "embedded": true, "encoding": "Identity-H", "family_name": "* Arial", "font_type": "CIDFontType0", "italic": false, "monospaced": false, "name": "*Arial-2386", "subset": false, "weight": 400}, "HasClip": false, "ObjectID": 61, "Page": 0, "Path": "//Document/Sect[2]/P[2]/Sub[2]", "Text": "PAN#: V2102 ", "TextSize": 9.0, "attributes": {"Placement": "Block"}}, {"Bounds": [210.47999572753906, 497.1600036621094, 271.39247131347656, 505.8450012207031], "Font": {"alt_family_name": "* Arial", "embedded": true, "encoding": "Identity-H", "family_name": "* Arial", "font_type": "CIDFontType0", "italic": false, "monospaced": false, "name": "*Arial-2386", "subset": false, "weight": 400}, "HasClip": false, "ObjectID": 62, "Page": 0, "Path": "//Document/Sect[2]/P[3]/Sub", "Text": "RCV: 02/27/24 ", "TextSize": 9.0, "attributes": {"Placement": "Block"}}, {"Bounds": [210.47999572753906, 486.7019958496094, 305.0869445800781, 495.3869934082031], "Font": {"alt_family_name": "* Arial", "embedded": true, "encoding": "Identity-H", "family_name": "* Arial", "font_type": "CIDFontType0", "italic": false, "monospaced": false, "name": "*Arial-2386", "subset": false, "weight": 400}, "HasClip": false, "ObjectID": 63, "Page": 0, "Path": "//Document/Sect[2]/P[3]/Sub[2]", "Text": "DATA ENTRY OP: MC ", "TextSize": 9.0, "attributes": {"Placement": "Block"}}, {"Bounds": [210.2729949951172, 476.5950012207031, 296.29949951171875, 485.2799987792969], "Font": {"alt_family_name": "* Arial", "embedded": true, "encoding": "Identity-H", "family_name": "* Arial", "font_type": "CIDFontType0", "italic": false, "monospaced": false, "name": "*Arial-2386", "subset": false, "weight": 400}, "HasClip": false, "ObjectID": 64, "Page": 0, "Path": "//Document/Sect[2]/P[3]/Sub[3]", "Text": "ADDED: 02/27 9:03 ", "TextSize": 9.0, "attributes": {"Placement": "Block"}}, {"Bounds": [30.240005493164062, 386.2799987792969, 261.1199951171875, 422.1414031982422], "ObjectID": 148, "Page": 0, "Path": "//Document/Sect[2]/Table", "attributes": {"BBox": [30.238799999999173, 385.9289999999892, 260.62899999998626, 421.92699999999604], "NumCol": 3, "NumRow": 2, "Placement": "Block", "SpaceAfter": 18}}, {"Bounds": [30.73199462890625, 413.45640563964844, 86.27627563476562, 422.1414031982422], "ObjectID": 155, "Page": 0, "Path": "//Document/Sect[2]/Table/TR/TD", "attributes": {"BBox": [30.238799999999173, 410.4079999999958, 260.62899999998626, 421.92699999999604], "BlockAlign": "Before", "ColIndex": 0, "ColSpan": 3, "Height": 11.5, "InlineAlign": "Start", "RowIndex": 0, "Width": 230.375}}, {"Bounds": [30.73199462890625, 413.45640563964844, 86.27627563476562, 422.1414031982422], "Font": {"alt_family_name": "* Arial", "embedded": true, "encoding": "Identity-H", "family_name": "* Arial", "font_type": "CIDFontType0", "italic": false, "monospaced": false, "name": "*Arial-2386", "subset": false, "weight": 400}, "HasClip": false, "Lang": "en", "ObjectID": 65, "Page": 0, "Path": "//Document/Sect[2]/Table/TR/TD/P", "Text": "SHADE: N/A ", "TextSize": 9.0, "attributes": {"LineHeight": 10.75}}, {"Bounds": [30.240005493164062, 386.4600067138672, 68.19776916503906, 395.82000732421875], "ObjectID": 161, "Page": 0, "Path": "//Document/Sect[2]/Table/TR[2]/TD", "attributes": {"BBox": [30.238799999999173, 385.9289999999892, 100.0759999999973, 410.4079999999958], "BlockAlign": "After", "ColIndex": 0, "Height": 24.5, "InlineAlign": "Start", "RowIndex": 1, "Width": 69.875}}, {"Bounds": [30.240005493164062, 386.4600067138672, 68.19776916503906, 395.82000732421875], "Font": {"alt_family_name": "* Arial", "embedded": true, "encoding": "Identity-H", "family_name": "* Arial", "font_type": "CIDFontType0", "italic": false, "monospaced": false, "name": "*Arial-2385", "subset": false, "weight": 400}, "HasClip": false, "Lang": "en", "ObjectID": 66, "Page": 0, "Path": "//Document/Sect[2]/Table/TR[2]/TD/P", "Text": "643.100 ", "TextSize": 10.0, "attributes": {"LineHeight": 12}}, {"Bounds": [145.9199981689453, 386.3399963378906, 167.67491149902344, 395.6999969482422], "ObjectID": 162, "Page": 0, "Path": "//Document/Sect[2]/Table/TR[2]/TD[2]", "attributes": {"BBox": [100.0759999999973, 385.9289999999892, 169.9129999999932, 410.4079999999958], "BlockAlign": "After", "ColIndex": 1, "Height": 24.5, "InlineAlign": "End", "RowIndex": 1, "Width": 69.875}}, {"Bounds": [145.9199981689453, 386.3399963378906, 167.67491149902344, 395.6999969482422], "Font": {"alt_family_name": "* Arial", "embedded": true, "encoding": "Identity-H", "family_name": "* Arial", "font_type": "CIDFontType0", "italic": false, "monospaced": false, "name": "*Arial-2385", "subset": false, "weight": 400}, "HasClip": false, "Lang": "en", "ObjectID": 67, "Page": 0, "Path": "//Document/Sect[2]/Table/TR[2]/TD[2]/P", "Text": "1.00 ", "TextSize": 10.0, "attributes": {"LineHeight": 12}}, {"Bounds": [177.1199951171875, 386.2799987792969, 261.1199951171875, 406.67999267578125], "ObjectID": 146, "Page": 0, "Path": "//Document/Sect[2]/Table/TR[2]/TD[3]", "attributes": {"BBox": [169.9129999999932, 385.9289999999892, 260.62899999998626, 410.4079999999958], "BlockAlign": "Before", "ColIndex": 2, "Height": 24.5, "InlineAlign": "Start", "RowIndex": 1, "Width": 90.75}}, {"Bounds": [177.1199951171875, 399.00799560546875, 261.1199951171875, 406.67999267578125], "Font": {"alt_family_name": "* Arial", "embedded": true, "encoding": "Identity-H", "family_name": "* Arial", "font_type": "CIDFontType0", "italic": false, "monospaced": false, "name": "*Arial-2381", "subset": false, "weight": 400}, "HasClip": false, "Lang": "en", "ObjectID": 68, "Page": 0, "Path": "//Document/Sect[2]/Table/TR[2]/TD[3]/P", "Text": "-CASE DESCRIPTION-", "TextSize": 8.0, "attributes": {"LineHeight": 9.625}}, {"Bounds": [177.60000610351562, 386.2799987792969, 231.45994567871094, 395.6999969482422], "Font": {"alt_family_name": "* Arial", "embedded": true, "encoding": "Identity-H", "family_name": "* Arial", "font_type": "CIDFontType0", "italic": false, "monospaced": false, "name": "*Arial-2385", "subset": false, "weight": 400}, "HasClip": false, "Lang": "en", "ObjectID": 69, "Page": 0, "Path": "//Document/Sect[2]/Table/TR[2]/TD[3]/P[2]", "Text": "Repair -NC ", "TextSize": 10.0, "attributes": {"LineHeight": 12}}, {"Bounds": [30.960006713867188, 351.67999267578125, 160.1837158203125, 359.2799987792969], "Font": {"alt_family_name": "* Arial", "embedded": true, "encoding": "Identity-H", "family_name": "* Arial", "font_type": "CIDFontType0", "italic": false, "monospaced": false, "name": "*Arial-Bold-2384", "subset": false, "weight": 700}, "HasClip": false, "Lang": "en", "ObjectID": 70, "Page": 0, "Path": "//Document/Sect[3]/H1", "Text": "PRESCRIPTION NOTES ", "TextSize": 10.0}, {"Bounds": [30.960006713867188, 337.2220001220703, 176.2765655517578, 347.5290069580078], "Font": {"alt_family_name": "* Arial", "embedded": true, "encoding": "Identity-H", "family_name": "* Arial", "font_type": "CIDFontType0", "italic": false, "monospaced": false, "name": "*Arial-2383", "subset": false, "weight": 400}, "HasClip": false, "Lang": "en", "ObjectID": 71, "Page": 0, "Path": "//Document/Sect[3]/P", "Text": "Feb/27/2024 09:03:37 LT MC ", "TextSize": 11.0}, {"Bounds": [30.718002319335938, 311.71299743652344, 216.7418975830078, 322.02000427246094], "Font": {"alt_family_name": "* Arial", "embedded": true, "encoding": "Identity-H", "family_name": "* Arial", "font_type": "CIDFontType0", "italic": false, "monospaced": false, "name": "*Arial-2383", "subset": false, "weight": 400}, "HasClip": false, "ObjectID": 72, "Page": 0, "Path": "//Document/Sect[3]/P[2]/Sub", "Text": "Please repair maxillary flexible partial. ", "TextSize": 11.0, "attributes": {"Placement": "Block"}}, {"Bounds": [29.75, 299.0850067138672, 293.3978271484375, 309.3919982910156], "Font": {"alt_family_name": "* Arial", "embedded": true, "encoding": "Identity-H", "family_name": "* Arial", "font_type": "CIDFontType0", "italic": false, "monospaced": false, "name": "*Arial-2383", "subset": false, "weight": 400}, "HasClip": false, "ObjectID": 73, "Page": 0, "Path": "//Document/Sect[3]/P[2]/Sub[2]", "Text": "Add tooth #8, was detached and lost from the flexible. ", "TextSize": 11.0, "attributes": {"Placement": "Block"}}, {"Bounds": [30.718002319335938, 286.4570007324219, 138.22145080566406, 296.7640075683594], "Font": {"alt_family_name": "* Arial", "embedded": true, "encoding": "Identity-H", "family_name": "* Arial", "font_type": "CIDFontType0", "italic": false, "monospaced": false, "name": "*Arial-2383", "subset": false, "weight": 400}, "HasClip": false, "ObjectID": 74, "Page": 0, "Path": "//Document/Sect[3]/P[2]/Sub[3]", "Text": "Polish en send ready. ", "TextSize": 11.0, "attributes": {"Placement": "Block"}}, {"Bounds": [31.45660400390625, 268.4573974609375, 144.5618896484375, 275.1894073486328], "Font": {"alt_family_name": "* Arial", "embedded": true, "encoding": "Identity-H", "family_name": "* Arial", "font_type": "CIDFontType0", "italic": false, "monospaced": false, "name": "*Arial-Bold-2382", "subset": false, "weight": 700}, "HasClip": false, "Lang": "en", "ObjectID": 75, "Page": 0, "Path": "//Document/Sect[4]/H1", "Text": "ENCLOSURES RECEIVED ", "TextSize": 9.0}, {"Bounds": [32.160003662109375, 257.5567932128906, 35.95634460449219, 265.2288055419922], "Font": {"alt_family_name": "* Arial", "embedded": true, "encoding": "Identity-H", "family_name": "* Arial", "font_type": "CIDFontType0", "italic": false, "monospaced": false, "name": "*Arial-2381", "subset": false, "weight": 400}, "HasClip": false, "ObjectID": 76, "Page": 0, "Path": "//Document/Sect[4]/L/LI/Lbl", "Text": "1 ", "TextSize": 8.0}, {"Bounds": [38.399993896484375, 257.29119873046875, 366.35243225097656, 265.2288055419922], "Font": {"alt_family_name": "* Arial", "embedded": true, "encoding": "Identity-H", "family_name": "* Arial", "font_type": "CIDFontType0", "italic": false, "monospaced": false, "name": "*Arial-2381", "subset": false, "weight": 400}, "HasClip": false, "ObjectID": 77, "Page": 0, "Path": "//Document/Sect[4]/L/LI/LBody", "Text": "Bite: Wax MAX Doctors: Valplast 1 Model: Mandibular 1 Model: Maxillary ", "TextSize": 8.0}, {"Bounds": [32.160003662109375, 248.04319763183594, 35.95634460449219, 255.71519470214844], "Font": {"alt_family_name": "* Arial", "embedded": true, "encoding": "Identity-H", "family_name": "* Arial", "font_type": "CIDFontType0", "italic": false, "monospaced": false, "name": "*Arial-2381", "subset": false, "weight": 400}, "HasClip": false, "ObjectID": 78, "Page": 0, "Path": "//Document/Sect[4]/L/LI[2]/Lbl", "Text": "1 ", "TextSize": 8.0}, {"Bounds": [37.91999816894531, 248.04319763183594, 64.48713684082031, 255.71519470214844], "Font": {"alt_family_name": "* Arial", "embedded": true, "encoding": "Identity-H", "family_name": "* Arial", "font_type": "CIDFontType0", "italic": false, "monospaced": false, "name": "*Arial-2381", "subset": false, "weight": 400}, "HasClip": false, "ObjectID": 79, "Page": 0, "Path": "//Document/Sect[4]/L/LI[2]/LBody", "Text": "V-Best ", "TextSize": 8.0}, {"Bounds": [0.0, -0.99993896484375, 403.95684814453125, 606.9629516601562], "ObjectID": 80, "Page": 0, "Path": "//Document/Sect[4]/Figure", "attributes": {"BBox": [361.1849999999977, 20.303799999999683, 387.82399999999325, 67.5818999999974], "Placement": "Block"}}, {"Bounds": [0.0, -0.99993896484375, 403.95684814453125, 606.9629516601562], "ObjectID": 80, "Page": 0, "Path": "//Document/Sect[4]/Figure", "attributes": {"BBox": [361.1849999999977, 20.303799999999683, 387.82399999999325, 67.5818999999974], "Placement": "Block"}}], "pages": [{"boxes": {"CropBox": [0.0, 0.0, 402.9599914550781, 606.9600219726562], "MediaBox": [0.0, 0.0, 402.9599914550781, 606.9600219726562]}, "height": 606.9600219726562, "is_scanned": true, "page_number": 0, "rotation": 0, "width": 402.9599914550781}]}